date;Italy;Italy;;
22-jan-20;0;0;;0
23-jan-20;0;0;;
24-jan-20;0;0;;
25-jan-20;0;0;;
26-jan-20;0;0;;
27-jan-20;0;0;;
28-jan-20;0;0;;
29-jan-20;0;0;;
30-jan-20;0;0;;
31-jan-20;3.35852E-08;2;;
01-fev-20;0;0;;
02-fev-20;0;0;;
03-fev-20;0;0;;
04-fev-20;0;0;;
05-fev-20;0;0;;
06-fev-20;0;0;;
07-fev-20;1.67926E-08;1;;
08-fev-20;0;0;;
09-fev-20;0;0;;
10-fev-20;0;0;;
11-fev-20;0;0;;
12-fev-20;0;0;;
13-fev-20;0;0;;
14-fev-20;0;0;;
15-fev-20;0;0;;
16-fev-20;0;0;;
17-fev-20;0;0;;
18-fev-20;0;0;;
19-fev-20;0;0;;
20-fev-20;0;0;;
21-fev-20;2.85474E-07;17;;
22-fev-20;7.0529E-07;42;;
23-fev-20;1.56171E-06;93;;
24-fev-20;1.24265E-06;74;;
25-fev-20;1.56171E-06;93;;
26-fev-20;2.19983E-06;131;;
27-fev-20;3.39211E-06;202;;
28-fev-20;3.91268E-06;233;;
29-fev-20;4.03023E-06;240;;
01-mar-20;9.50462E-06;566;;
02-mar-20;5.74307E-06;342;;
03-mar-20;7.82536E-06;466;;
04-mar-20;9.85726E-06;587;;
05-mar-20;1.29135E-05;769;;
06-mar-20;1.30647E-05;778;;
07-mar-20;2.09404E-05;1247;;
08-mar-20;2.50546E-05;1492;;
09-mar-20;3.01763E-05;1797;;
10-mar-20;1.64064E-05;977;;
11-mar-20;3.88413E-05;2313;;
12-mar-20;4.45172E-05;2651;;
13-mar-20;4.27708E-05;2547;;
14-mar-20;5.87238E-05;3497;;
15-mar-20;6.02855E-05;3590;;
16-mar-20;5.42905E-05;3233;;
17-mar-20;5.92107E-05;3526;;
18-mar-20;7.06465E-05;4207;;
19-mar-20;8.93703E-05;5322;;
20-mar-20;0.000100521;5986;;
21-mar-20;0.000110109;6557;;
22-mar-20;9.33669E-05;5560;;
23-mar-20;8.04198E-05;4789;;
24-mar-20;8.81444E-05;5249;;
25-mar-20;8.74895E-05;5210;;
26-mar-20;0.000104165;6203;;
27-mar-20;9.92275E-05;5909;;
28-mar-20;0.000100319;5974;;
29-mar-20;8.76071E-05;5217;;
30-mar-20;6.80101E-05;4050;;
31-mar-20;6.80605E-05;4053;;
01-abr-20;8.03023E-05;4782;;
02-abr-20;7.83879E-05;4668;;
03-abr-20;7.69941E-05;4585;;
04-abr-20;8.06885E-05;4805;;
05-abr-20;7.24769E-05;4316;;
06-abr-20;6.04366E-05;3599;;
07-abr-20;5.10327E-05;3039;;
08-abr-20;6.44165E-05;3836;;
09-abr-20;7.05961E-05;4204;;
10-abr-20;6.63476E-05;3951;;
11-abr-20;7.88245E-05;4694;;
12-abr-20;6.87154E-05;4092;;
13-abr-20;5.29471E-05;3153;;
14-abr-20;4.99076E-05;2972;;
15-abr-20;4.47859E-05;2667;;
16-abr-20;6.35768E-05;3786;;
17-abr-20;5.86566E-05;3493;;
18-abr-20;5.8623E-05;3491;;
19-abr-20;5.11671E-05;3047;;
20-abr-20;3.78841E-05;2256;;
21-abr-20;4.5827E-05;2729;;
22-abr-20;5.65911E-05;3370;;
23-abr-20;4.44332E-05;2646;;
24-abr-20;5.07305E-05;3021;;
25-abr-20;3.95802E-05;2357;;
26-abr-20;3.9026E-05;2324;;
27-abr-20;2.92024E-05;1739;;
28-abr-20;3.51134E-05;2091;;
29-abr-20;3.50294E-05;2086;;
30-abr-20;3.14358E-05;1872;;
01-mai-20;3.29975E-05;1965;;
02-mai-20;3.1906E-05;1900;;
03-mai-20;2.33249E-05;1389;;
04-mai-20;2.05038E-05;1221;;
05-mai-20;1.80521E-05;1075;;
06-mai-20;2.42485E-05;1444;;
07-mai-20;2.35264E-05;1401;;
08-mai-20;2.22838E-05;1327;;
09-mai-20;1.81864E-05;1083;;
10-mai-20;1.34677E-05;802;;
11-mai-20;1.24937E-05;744;;
12-mai-20;2.35432E-05;1402;;
13-mai-20;1.49118E-05;888;;
14-mai-20;1.66583E-05;992;;
15-mai-20;1.32494E-05;789;;
16-mai-20;1.46935E-05;875;;
17-mai-20;1.1335E-05;675;;
18-mai-20;7.57347E-06;451;;
19-mai-20;1.36524E-05;813;;
20-mai-20;1.11671E-05;665;;
21-mai-20;1.07809E-05;642;;
22-mai-20;1.09488E-05;652;;
23-mai-20;1.12343E-05;669;;
24-mai-20;8.91688E-06;531;;
25-mai-20;5.03778E-06;300;;
26-mai-20;6.66667E-06;397;;
27-mai-20;9.80688E-06;584;;
28-mai-20;9.95802E-06;593;;
29-mai-20;8.66499E-06;516;;
30-mai-20;6.98573E-06;416;;
31-mai-20;5.59194E-06;333;;
01-jun-20;3.35852E-06;200;;
02-jun-20;5.34005E-06;318;;
03-jun-20;5.39043E-06;321;;
04-jun-20;2.97229E-06;177;;
05-jun-20;8.69857E-06;518;;
06-jun-20;4.53401E-06;270;;
07-jun-20;3.30814E-06;197;;
08-jun-20;4.70193E-06;280;;
09-jun-20;4.75231E-06;283;;
10-jun-20;3.39211E-06;202;;
11-jun-20;6.3644E-06;379;;
12-jun-20;2.7372E-06;163;;
13-jun-20;5.81024E-06;346;;
14-jun-20;5.6759E-06;338;;
15-jun-20;5.05458E-06;301;;
16-jun-20;3.52645E-06;210;;
17-jun-20;5.50798E-06;328;;
18-jun-20;5.55835E-06;331;;
19-jun-20;0;;;
20-jun-20;4.43325E-06;264;;
21-jun-20;3.76154E-06;224;;
22-jun-20;3.71117E-06;221;;
23-jun-20;1.89757E-06;113;;
24-jun-20;9.68934E-06;577;;
25-jun-20;4.97061E-06;296;;
26-jun-20;4.28212E-06;255;;
27-jun-20;2.93871E-06;175;;
28-jun-20;2.92191E-06;174;;
29-jun-20;2.11587E-06;126;;
30-jun-20;2.38455E-06;142;;
01-jul-20;3.05626E-06;182;;
02-jul-20;3.37531E-06;201;;
03-jul-20;3.74475E-06;223;;
04-jul-20;3.94626E-06;235;;
05-jul-20;3.22418E-06;192;;
06-jul-20;3.49286E-06;208;;
07-jul-20;2.30059E-06;137;;
08-jul-20;3.24097E-06;193;;
09-jul-20;3.59362E-06;214;;
10-jul-20;4.63476E-06;276;;
11-jul-20;3.15701E-06;188;;
12-jul-20;3.92947E-06;234;;
13-jul-20;2.83795E-06;169;;
14-jul-20;1.91436E-06;114;;
15-jul-20;2.7204E-06;162;;
16-jul-20;3.8623E-06;230;;
17-jul-20;3.87909E-06;231;;
18-jul-20;4.18136E-06;249;;
19-jul-20;3.66079E-06;218;;
20-jul-20;3.1906E-06;190;;
21-jul-20;2.14945E-06;128;;
22-jul-20;4.70193E-06;280;;
23-jul-20;5.13854E-06;306;;
24-jul-20;4.23174E-06;252;;
25-jul-20;4.60118E-06;274;;
26-jul-20;4.26532E-06;254;;
27-jul-20;2.82116E-06;168;;
28-jul-20;3.39211E-06;202;;
29-jul-20;4.83627E-06;288;;
30-jul-20;6.41478E-06;382;;
31-jul-20;6.3644E-06;379;;
01-ago-20;4.95382E-06;295;;
02-ago-20;3.99664E-06;238;;
03-ago-20;2.67003E-06;159;;
04-ago-20;3.1906E-06;190;;
05-ago-20;6.44836E-06;384;;
06-ago-20;6.73384E-06;401;;
07-ago-20;9.26952E-06;552;;
08-ago-20;5.82704E-06;347;;
09-ago-20;7.77498E-06;463;;
10-ago-20;4.34929E-06;259;;
11-ago-20;6.91856E-06;412;;
12-ago-20;7.99328E-06;476;;
13-ago-20;8.76574E-06;522;;
14-ago-20;9.63896E-06;574;;
15-ago-20;1.05626E-05;629;;
16-ago-20;8.01008E-06;477;;
17-ago-20;5.37364E-06;320;;
18-ago-20;6.73384E-06;401;;
19-ago-20;1.07809E-05;642;;
20-ago-20;1.41058E-05;840;;
21-ago-20;1.59026E-05;947;;
22-ago-20;1.79849E-05;1071;;
23-ago-20;2.03023E-05;1209;;
24-ago-20;1.60034E-05;953;;
25-ago-20;1.47103E-05;876;;
26-ago-20;2.29387E-05;1366;;
27-ago-20;2.36608E-05;1409;;
28-ago-20;2.45172E-05;1460;;
29-ago-20;2.42485E-05;1444;;
30-ago-20;2.29219E-05;1365;;
31-ago-20;1.67254E-05;996;;
01-set-20;1.63728E-05;975;;
02-set-20;2.2267E-05;1326;;
03-set-20;2.34593E-05;1397;;
04-set-20;2.90848E-05;1732;;
05-set-20;2.84467E-05;1694;;
06-set-20;2.17632E-05;1296;;
07-set-20;1.93115E-05;1150;;
08-set-20;2.29891E-05;1369;;
09-set-20;2.40134E-05;1430;;
10-set-20;2.68178E-05;1597;;
11-set-20;2.71369E-05;1616;;
12-set-20;2.52057E-05;1501;;
13-set-20;2.445E-05;1456;;
14-set-20;1.6927E-05;1008;;
15-set-20;2.06381E-05;1229;;
16-set-20;2.43829E-05;1452;;
17-set-20;2.65827E-05;1583;;
18-set-20;3.20235E-05;1907;;
19-set-20;2.74895E-05;1637;;
20-set-20;2.66499E-05;1587;;
21-set-20;2.267E-05;1350;;
22-set-20;2.33585E-05;1391;;
23-set-20;2.75399E-05;1640;;
24-set-20;2.99916E-05;1786;;
25-set-20;3.21075E-05;1912;;
26-set-20;3.13854E-05;1869;;
27-set-20;2.96558E-05;1766;;
28-set-20;2.50882E-05;1494;;
29-set-20;2.76574E-05;1647;;
30-set-20;3.10663E-05;1850;;
01-out-20;4.27876E-05;2548;;
02-out-20;4.19647E-05;2499;;
03-out-20;4.77414E-05;2843;;
04-out-20;4.32914E-05;2578;;
05-out-20;3.79009E-05;2257;;
06-out-20;4.49538E-05;2677;;
07-out-20;6.17464E-05;3677;;
08-out-20;7.48615E-05;4458;;
09-out-20;9.02099E-05;5372;;
10-out-20;9.61209E-05;5724;;
11-out-20;9.16205E-05;5456;;
12-out-20;7.75651E-05;4619;;
13-out-20;9.90428E-05;5898;;
14-out-20;0.000123123;7332;;
15-out-20;0.000147825;8803;;
16-out-20;0.000168077;10009;;
17-out-20;0.000183459;10925;;
18-out-20;0.000196558;11705;;
19-out-20;0.000156793;9337;;
20-out-20;0.000182552;10871;;
21-out-20;0.000255231;15199;;
22-out-20;0.000269992;16078;;
23-out-20;0.000321461;19143;;
24-out-20;0.000329807;19640;;
25-out-20;0.000357229;21273;;
26-out-20;0.000285592;17007;;
27-out-20;0.000369253;21989;;
28-out-20;0.000419614;24988;;
29-out-20;0.000450529;26829;;
30-out-20;0.000521898;31079;;
31-out-20;0.000533266;31756;;
01-nov-20;0.000502183;29905;;
02-nov-20;0.000373686;22253;;
03-nov-20;0.00047424;28241;;
04-nov-20;0.000512981;30548;;
05-nov-20;0.000579379;34502;;
06-nov-20;0.000634794;37802;;
07-nov-20;0.000668497;39809;;
08-nov-20;0.000547674;32614;;
09-nov-20;0.000424332;25269;;
10-nov-20;0.000589253;35090;;
11-nov-20;0.000553501;32961;;
12-nov-20;0.000637733;37977;;
13-nov-20;0.000686851;40902;;
14-nov-20;0.000625508;37249;;
15-nov-20;0.000570563;33977;;
16-nov-20;0.000459312;27352;;
17-nov-20;0.000540571;32191;;
18-nov-20;0.000575651;34280;;
19-nov-20;0.00060749;36176;;
20-nov-20;0.00062534;37239;;
21-nov-20;0.000583778;34764;;
22-nov-20;0.000475852;28337;;
23-nov-20;0.000385004;22927;;
24-nov-20;0.000390042;23227;;
25-nov-20;0.000434123;25852;;
26-nov-20;0.000487003;29001;;
27-nov-20;0.000475936;28342;;
28-nov-20;0.000441898;26315;;
29-nov-20;0.0003467;20646;;
30-nov-20;0.000274996;16376;;
01-dez-20;0.000324887;19347;;
02-dez-20;0.000347758;20709;;
03-dez-20;0.000389908;23219;;
04-dez-20;0.00040487;24110;;
05-dez-20;0.000353518;21052;;
06-dez-20;0.000317162;18887;;
07-dez-20;0.000229706;13679;;
08-dez-20;0.000249152;14837;;
09-dez-20;0.00021419;12755;;
10-dez-20;0.000285441;16998;;
11-dez-20;0.000314458;18726;;
12-dez-20;0.000334207;19902;;
13-dez-20;0.000301209;17937;;
14-dez-20;0.000201931;12025;;
15-dez-20;0.000249186;14839;;
16-dez-20;0.000295013;17568;;
17-dez-20;0.00030618;18233;;
18-dez-20;0.000258623;15401;;
19-dez-20;0.000273804;16305;;
20-dez-20;0.000253602;15102;;
21-dez-20;0.000182519;10869;;
22-dez-20;0.00022361;13316;;
23-dez-20;0.000233552;13908;;
24-dez-20;0.000302922;18039;;
25-dez-20;0.000319681;19037;;
26-dez-20;0.000174727;10405;;
27-dez-20;0.000150076;8937;;
28-dez-20;0.000144097;8581;;
29-dez-20;0.000188245;11210;;
30-dez-20;0.000272074;16202;;
31-dez-20;0.00039424;23477;;
01-jan-21;0.000372964;22210;;
02-jan-21;0.000198573;11825;;
03-jan-21;0.000239211;14245;;
04-jan-21;0.000181327;10798;;
05-jan-21;0.000258186;15375;;
06-jan-21;0.000341327;20326;;
07-jan-21;0.000309253;18416;;
08-jan-21;0.000294358;17529;;
09-jan-21;0.000335449;19976;;
10-jan-21;0.000312762;18625;;
11-jan-21;0.000210411;12530;;
12-jan-21;0.00023916;14242;;
13-jan-21;0.00026487;15773;;
14-jan-21;0.000289555;17243;;
15-jan-21;0.0002711;16144;;
16-jan-21;0.000273887;16310;;
17-jan-21;0.000210647;12544;;
18-jan-21;0.000148195;8825;;
19-jan-21;0.000176255;10496;;
20-jan-21;0.000227842;13568;;
21-jan-21;0.00023602;14055;;
22-jan-21;0.000228934;13633;;
23-jan-21;0.000223862;13331;;
24-jan-21;0.000195264;11628;;
25-jan-21;0.000143728;8559;;
26-jan-21;0.000177733;10584;;
27-jan-21;0.000255097;15191;;
28-jan-21;0.000241142;14360;;
29-jan-21;0.000227758;13563;;
30-jan-21;0.000213484;12713;;
31-jan-21;0.0001889;11249;;
01-fev-21;0.000133081;7925;;
02-fev-21;0.000162065;9651;;
03-fev-21;0.00022136;13182;;
04-fev-21;0.00022932;13656;;
05-fev-21;0.000238673;14213;;
06-fev-21;0.000225676;13439;;
07-fev-21;0.000195466;11640;;
08-fev-21;0.00013382;7969;;
09-fev-21;0.000178203;10612;;
10-fev-21;0.000217414;12947;;
11-fev-21;0.00025419;15137;;
12-fev-21;0.0002333;13893;;
13-fev-21;0.000227086;13523;;
14-fev-21;0.000185726;11060;;
15-fev-21;0.000123325;7344;;
16-fev-21;0.000174106;10368;;
17-fev-21;0.00020262;12066;;
18-fev-21;0.000230982;13755;;
19-fev-21;0.000259782;15470;;
20-fev-21;0.000250445;14914;;
21-fev-21;0.000225861;13450;;
22-fev-21;0.000161495;9617;;
23-fev-21;0.000223325;13299;;
24-fev-21;0.000275432;16402;;
25-fev-21;0.000333686;19871;;
26-fev-21;0.000344047;20488;;
27-fev-21;0.000317414;18902;;
28-fev-21;0.000292863;17440;;
01-mar-21;0.000220084;13106;;
02-mar-21;0.000286532;17063;;
03-mar-21;0.000349958;20840;;
04-mar-21;0.000383627;22845;;
05-mar-21;0.000403191;24010;;
06-mar-21;0.00039686;23633;;
07-mar-21;0.00034801;20724;;
08-mar-21;0.000233115;13882;;
09-mar-21;0.000331234;19725;;
10-mar-21;0.000374055;22275;;
11-mar-21;0.000430714;25649;;
12-mar-21;0.000449874;26790;;
13-mar-21;0.000437128;26031;;
14-mar-21;0.00035775;21304;;
15-mar-21;0.000256121;15252;;
16-mar-21;0.000342166;20376;;
17-mar-21;0.000386902;23040;;
18-mar-21;0.000418153;24901;;
19-mar-21;0.000431688;25707;;
20-mar-21;0.000401562;23913;;
21-mar-21;0.000336608;20045;;
22-mar-21;0.000411436;24501;;
23-mar-21;0.000314677;18739;;
24-mar-21;0.000356776;21246;;
25-mar-21;0.000397666;23681;;
26-mar-21;0.000404299;24076;;
27-mar-21;0.000400235;23834;;
28-mar-21;0.000329202;19604;;
29-mar-21;0.000216625;12900;;
30-mar-21;0.000269605;16055;;
31-mar-21;0.000401125;23887;;
01-abr-21;0.000372527;22184;;
02-abr-21;0.000368044;21917;;
03-abr-21;0.000356793;21247;;
04-abr-21;0.000302552;18017;;
05-abr-21;0.000179345;10680;;
06-abr-21;0.000130361;7763;;
07-abr-21;0.000229824;13686;;
08-abr-21;0.000288984;17209;;
09-abr-21;0.000317783;18924;;
10-abr-21;0.000294727;17551;;
11-abr-21;0.000264265;15737;;
12-abr-21;0.000164232;9780;;
13-abr-21;0.000225676;13439;;
14-abr-21;0.000271369;16160;;
15-abr-21;0.000284853;16963;;
16-abr-21;0.000267389;15923;;
17-abr-21;0.000258002;15364;;
18-abr-21;0.000213065;12688;;
19-abr-21;0.000148833;8863;;
20-abr-21;0.00020267;12069;;
21-abr-21;0.000232343;13836;;
22-abr-21;0.000269454;16046;;
23-abr-21;0.000247825;14758;;
24-abr-21;0.000231973;13814;;
25-abr-21;0.00022094;13157;;
26-abr-21;0.00014173;8440;;
27-abr-21;0.00017461;10398;;
28-abr-21;0.000224719;13382;;
29-abr-21;0.000240369;14314;;
30-abr-21;0.000225777;13445;;
01-mai-21;0.000217699;12964;;
02-mai-21;0.000153568;9145;;
03-mai-21;9.98489E-05;5946;;
04-mai-21;0.000153031;9113;;
05-mai-21;0.000177649;10579;;
06-mai-21;0.000198119;11798;;
07-mai-21;0.000177145;10549;;
08-mai-21;0.000170848;10174;;
09-mai-21;0.000139194;8289;;
10-mai-21;8.52561E-05;5077;;
11-mai-21;0.000116591;6943;;
12-mai-21;0.000131788;7848;;
13-mai-21;0.000135718;8082;;
14-mai-21;0.000126986;7562;;
15-mai-21;0.000111704;6652;;
16-mai-21;9.65239E-05;5748;;
17-mai-21;5.80017E-05;3454;;
18-mai-21;7.47103E-05;4449;;
19-mai-21;9.23594E-05;5500;;
20-mai-21;9.63224E-05;5736;;
21-mai-21;8.75735E-05;5215;;
22-mai-21;7.91604E-05;4714;;
23-mai-21;6.70529E-05;3993;;
24-mai-21;4.17968E-05;2489;;
25-mai-21;5.40722E-05;3220;;
26-mai-21;6.60789E-05;3935;;
27-mai-21;6.95718E-05;4143;;
28-mai-21;6.2754E-05;3737;;
29-mai-21;5.62217E-05;3348;;
30-mai-21;4.95046E-05;2948;;
31-mai-21;3.0529E-05;1818;;
01-jun-21;4.16961E-05;2483;;
02-jun-21;4.86314E-05;2896;;
03-jun-21;3.29639E-05;1963;;
04-jun-21;4.29219E-05;2556;;
05-jun-21;4.08732E-05;2434;;
06-jun-21;3.82032E-05;2275;;
07-jun-21;2.13266E-05;1270;;
08-jun-21;3.18052E-05;1894;;
09-jun-21;3.69102E-05;2198;;
10-jun-21;3.4895E-05;2078;;
11-jun-21;3.17716E-05;1892;;
12-jun-21;2.89169E-05;1722;;
13-jun-21;2.33417E-05;1390;;
14-jun-21;1.52309E-05;907;;
15-jun-21;2.10411E-05;1253;;
16-jun-21;2.35097E-05;1400;;
17-jun-21;2.22166E-05;1323;;
18-jun-21;1.92611E-05;1147;;
19-jun-21;2.00336E-05;1193;;
20-jun-21;1.47943E-05;881;;
21-jun-21;8.12762E-06;484;;
22-jun-21;1.4005E-05;834;;
23-jun-21;1.91436E-05;1140;;
24-jun-21;4.46683E-06;266;;
25-jun-21;1.26113E-05;751;;
26-jun-21;1.40722E-05;838;;
27-jun-21;1.30982E-05;780;;
28-jun-21;6.49874E-06;387;;
29-jun-21;1.13686E-05;677;;
30-jun-21;1.30311E-05;776;;
01-jul-21;1.47607E-05;879;;
02-jul-21;1.33333E-05;794;;
03-jul-21;1.56003E-05;929;;
04-jul-21;1.35348E-05;806;;
05-jul-21;8.06045E-06;480;;
06-jul-21;1.52309E-05;907;;
07-jul-21;1.69605E-05;1010;;
08-jul-21;2.33585E-05;1391;;
09-jul-21;2.32746E-05;1386;;
10-jul-21;2.34089E-05;1394;;
11-jul-21;2.33585E-05;1391;;
12-jul-21;1.4895E-05;887;;
13-jul-21;2.56927E-05;1530;;
14-jul-21;3.61545E-05;2153;;
15-jul-21;4.15281E-05;2473;;
16-jul-21;4.86146E-05;2895;;
17-jul-21;5.23594E-05;3118;;
18-jul-21;5.24937E-05;3126;;
19-jul-21;3.47607E-05;2070;;
20-jul-21;5.96977E-05;3555;;
21-jul-21;7.14358E-05;4254;;
22-jul-21;8.49034E-05;5056;;
23-jul-21;8.63476E-05;5142;;
24-jul-21;8.62804E-05;5138;;
25-jul-21;7.96306E-05;4742;;
26-jul-21;5.2309E-05;3115;;
27-jul-21;7.58354E-05;4516;;
28-jul-21;9.56003E-05;5693;;
29-jul-21;0.00010356;6167;;
30-jul-21;0.00011105;6613;;
31-jul-21;0.000109303;6509;;
01-ago-21;8.93367E-05;5320;;
02-ago-21;5.34845E-05;3185;;
03-ago-21;8.1293E-05;4841;;
04-ago-21;0.000110663;6590;;
05-ago-21;0.00012131;7224;;
06-ago-21;0.000110814;6599;;
07-ago-21;0.000115819;6897;;
08-ago-21;9.6272E-05;5733;;
09-ago-21;7.0529E-05;4200;;
10-ago-21;9.44416E-05;5624;;
11-ago-21;0.000116222;6921;;
12-ago-21;0.000122032;7267;;
13-ago-21;0.000124232;7398;;
14-ago-21;0.000120588;7181;;
15-ago-21;9.5063E-05;5661;;
16-ago-21;6.16121E-05;3669;;
17-ago-21;8.84635E-05;5268;;
18-ago-21;0.000120218;7159;;
19-ago-21;0.000121579;7240;;
20-ago-21;0.000121243;7220;;
21-ago-21;0.000125374;7466;;
22-ago-21;9.94458E-05;5922;;
23-ago-21;6.9958E-05;4166;;
24-ago-21;0.000102065;6078;;
25-ago-21;0.000126599;7539;;
26-ago-21;0.000121159;7215;;
27-ago-21;0.000131369;7823;;
28-ago-21;0.000115164;6858;;
29-ago-21;9.99832E-05;5954;;
30-ago-21;7.1419E-05;4253;;
31-ago-21;9.2225E-05;5492;;
01-set-21;0.000109085;6496;;
02-set-21;0.000113417;6754;;
03-set-21;0.000112997;6729;;
04-set-21;0.000103375;6156;;
05-set-21;8.92359E-05;5314;;
06-set-21;5.62049E-05;3347;;
07-set-21;7.91772E-05;4715;;
08-set-21;9.94291E-05;5921;;
09-set-21;9.26616E-05;5518;;
10-set-21;9.43241E-05;5617;;
11-set-21;8.71704E-05;5191;;
12-set-21;7.83207E-05;4664;;
13-set-21;4.6885E-05;2792;;
14-set-21;6.73216E-05;4009;;
15-set-21;8.10411E-05;4826;;
16-set-21;8.58942E-05;5115;;
17-set-21;7.63056E-05;4544;;
18-set-21;7.6843E-05;4576;;
19-set-21;6.44165E-05;3836;;
20-set-21;4.03862E-05;2405;;
21-set-21;5.66583E-05;3374;;
22-set-21;6.65491E-05;3963;;
23-set-21;6.80605E-05;4053;;
24-set-21;6.3644E-05;3790;;
25-set-21;5.90932E-05;3519;;
26-set-21;5.20403E-05;3099;;
27-set-21;2.97733E-05;1773;;
28-set-21;4.97397E-05;2962;;
29-set-21;5.39379E-05;3212;;
30-set-21;6.8749E-05;4094;;
01-out-21;5.71453E-05;3403;;
02-out-21;5.55668E-05;3309;;
03-out-21;4.98237E-05;2967;;
04-out-21;2.70697E-05;1612;;
05-out-21;4.13602E-05;2463;;
06-out-21;5.42737E-05;3232;;
07-out-21;4.92527E-05;2933;;
08-out-21;5.06633E-05;3017;;
09-out-21;4.61293E-05;2747;;
10-out-21;3.82536E-05;2278;;
11-out-21;2.54576E-05;1516;;
12-out-21;4.17464E-05;2486;;
13-out-21;4.64987E-05;2769;;
14-out-21;4.47691E-05;2666;;
15-out-21;4.5827E-05;2729;;
16-out-21;5.00756E-05;2982;;
17-out-21;4.089E-05;2435;;
18-out-21;2.67674E-05;1594;;
19-out-21;4.52561E-05;2695;;
20-out-21;6.21159E-05;3699;;
21-out-21;6.36608E-05;3791;;
22-out-21;6.51385E-05;3879;;
23-out-21;6.55751E-05;3905;;
24-out-21;6.25189E-05;3723;;
25-out-21;4.25693E-05;2535;;
26-out-21;6.80605E-05;4053;;
27-out-21;7.7162E-05;4595;;
28-out-21;8.16625E-05;4863;;
29-out-21;8.95382E-05;5332;;
30-out-21;8.18976E-05;4877;;
31-out-21;7.59866E-05;4525;;
01-nov-21;4.73216E-05;2818;;
02-nov-21;4.75399E-05;2831;;
03-nov-21;8.71201E-05;5188;;
04-nov-21;9.911E-05;5902;;
05-nov-21;0.000113535;6761;;
06-nov-21;0.000113518;6760;;
07-nov-21;9.77666E-05;5822;;
08-nov-21;7.6356E-05;4547;;
09-nov-21;0.00010262;6111;;
10-nov-21;0.000134895;8033;;
11-nov-21;0.000146045;8697;;
12-nov-21;0.000143107;8522;;
13-nov-21;0.000143392;8539;;
14-nov-21;0.000127036;7565;;
15-nov-21;8.73048E-05;5199;;
16-nov-21;0.000131234;7815;;
17-nov-21;0.00017073;10167;;
18-nov-21;0.000178757;10645;;
19-nov-21;0.000177229;10554;;
20-nov-21;0.000193787;11540;;
21-nov-21;0.000163006;9707;;
22-nov-21;0.000107523;6403;;
23-nov-21;0.000168665;10044;;
24-nov-21;0.000209068;12450;;
25-nov-21;0.000230999;13756;;
26-nov-21;0.00022974;13681;;
27-nov-21;0.000216104;12869;;
28-nov-21;0.000217078;12927;;
29-nov-21;0.000133871;7972;;
30-nov-21;0.000214223;12757;;
01-dez-21;0.000253115;15073;;
02-dez-21;0.000282284;16810;;
03-dez-21;0.000285726;17015;;
04-dez-21;0.000279211;16627;;
05-dez-21;0.000252057;15010;;
06-dez-21;0.000159429;9494;;
07-dez-21;0.000264349;15742;;
08-dez-21;0.00030136;17946;;
09-dez-21;0.000210176;12516;;
10-dez-21;0.000344081;20490;;
11-dez-21;0.000353233;21035;;
12-dez-21;0.00032262;19212;;
13-dez-21;0.000213333;12704;;
14-dez-21;0.000347019;20665;;
15-dez-21;0.000389421;23190;;
16-dez-21;0.000438354;26104;;
17-dez-21;0.000480521;28615;;
18-dez-21;0.00047115;28057;;
19-dez-21;0.000408111;24303;;
20-dez-21;0.000272124;16205;;
21-dez-21;0.000516927;30783;;
22-dez-21;0.000610008;36326;;
23-dez-21;0.000748699;44585;;
24-dez-21;0.000849538;50590;;
25-dez-21;0.000920017;54787;;
26-dez-21;0.000417834;24882;;
27-dez-21;0.000517196;30799;;
28-dez-21;0.001314861;78300;;
29-dez-21;0.001645945;98016;;
30-dez-21;0.002132662;127000;;
31-dez-21;0.002422418;144255;;
01-jan-22;0.002372057;141256;;
02-jan-22;0.00102665;61137;;
03-jan-22;0.001142469;68034;;
04-jan-22;0.002868799;170837;;
05-jan-22;0.003175281;189088;;
06-jan-22;0.003684803;219430;;
07-jan-22;0.001818589;108297;;
08-jan-22;0.003317128;197535;;
09-jan-22;0.002613636;155642;;
10-jan-22;0.001971537;117405;;
11-jan-22;0.00370309;220519;;
12-jan-22;0.003294794;196205;;
13-jan-22;0.00309953;184577;;
14-jan-22;0.003373115;200869;;
15-jan-22;0.003239899;192936;;
16-jan-22;0.002644249;157465;;
17-jan-22;0.001400285;83387;;
18-jan-22;0.003830781;228123;;
19-jan-22;0.003374744;200966;;
20-jan-22;0.003339463;198865;;
21-jan-22;0.003116709;185600;;
22-jan-22;0.002977918;177335;;
23-jan-22;0.002392729;142487;;
24-jan-22;0.001304215;77666;;
25-jan-22;0.003547893;211277;;
26-jan-22;0.002870529;170940;;
27-jan-22;0.002620319;156040;;
28-jan-22;0.002423963;144347;;
29-jan-22;0.002307758;137427;;
30-jan-22;0.001748279;104110;;
31-jan-22;0.000967775;57631;;
01-fev-22;0.002238556;133306;;
02-fev-22;0.002003745;119323;;
03-fev-22;0.001896826;112956;;
04-fev-22;0.001694374;100900;;
05-fev-22;0.001564937;93192;;
06-fev-22;0.001325659;78943;;
07-fev-22;0.000698606;41602;;
08-fev-22;0.00172005;102429;;
09-fev-22;0.001371436;81669;;
10-fev-22;0.001279513;76195;;
11-fev-22;0.001133132;67478;;
12-fev-22;0.001044853;62221;;
13-fev-22;0.000879009;52345;;
14-fev-22;0.000483224;28776;;
15-fev-22;0.001192662;71023;;
16-fev-22;0.001005357;59869;;
17-fev-22;0.000974895;58055;;
18-fev-22;0.000901763;53700;;
19-fev-22;0.000850966;50675;;
20-fev-22;0.000708682;42202;;
21-fev-22;0.00041115;24484;;
22-fev-22;0.001009857;60137;;
23-fev-22;0.000825558;49162;;
24-fev-22;0.000797531;47493;;
25-fev-22;0.000706448;42069;;
26-fev-22;0.000660957;39360;;
27-fev-22;0.000535315;31878;;
28-fev-22;0.000306935;18278;;
01-mar-22;0.000791537;47136;;
02-mar-22;0.000637212;37946;;
03-mar-22;0.000715164;42588;;
04-mar-22;0.000644047;38353;;
05-mar-22;0.00069461;41364;;
06-mar-22;0.00060267;35889;;
07-mar-22;0.000380554;22662;;
08-mar-22;0.001020202;60753;;
09-mar-22;0.000836524;49815;;
10-mar-22;0.000926213;55156;;
11-mar-22;0.000906146;53961;;
12-mar-22;0.000918892;54720;;
13-mar-22;0.000840101;50028;;
14-mar-22;0.000498707;29698;;
15-mar-22;0.001451117;86414;;
16-mar-22;0.001245122;74147;;
17-mar-22;0.001383174;82368;;
18-mar-22;0.001319513;78577;;
19-mar-22;0.001272343;75768;;
20-mar-22;0.00103382;61564;;
21-mar-22;0.000561629;33445;;
22-mar-22;0.001627271;96904;;
23-mar-22;0.001315835;78358;;
24-mar-22;0.001387876;82648;;
25-mar-22;0.001282905;76397;;
26-mar-22;0.001252997;74616;;
27-mar-22;0.001017834;60612;;
28-mar-22;0.000529975;31560;;
29-mar-22;0.001684232;100296;;
30-mar-22;0.001199177;71411;;
31-mar-22;0.001248766;74364;;
01-abr-22;0.001293703;77040;;
02-abr-22;0.001199194;71412;;
03-abr-22;0.000923745;55009;;
04-abr-22;0.000526096;31329;;
05-abr-22;0.001493098;88914;;
06-abr-22;0.001173552;69885;;
07-abr-22;0.001177548;70123;;
08-abr-22;0.001135869;67641;;
09-abr-22;0.001081797;64421;;
10-abr-22;0.000905458;53920;;
11-abr-22;0.000482032;28705;;
12-abr-22;0.00141152;84056;;
13-abr-22;0.001050982;62586;;
14-abr-22;0.001101881;65617;;
15-abr-22;0.001046012;62290;;
16-abr-22;0.001083678;64533;;
17-abr-22;0.000877464;52253;;
18-abr-22;0.000312141;18588;;
19-abr-22;0.000458875;27326;;
20-abr-22;0.00168665;100440;;
21-abr-22;0.001276154;75995;;
22-abr-22;0.001238354;73744;;
23-abr-22;0.001192746;71028;;
24-abr-22;0.000954626;56848;;
